Workbook
Name CD_THANG: 'Cài đặt'!$B$4
Name CD_NAM: 'Cài đặt'!$B$5
Name CD_CONG_CHUAN: 'Cài đặt'!$B$6
Name CD_GIO_NGAY: 'Cài đặt'!$B$7
Name CD_HE_SO_TC: 'Cài đặt'!$B$8
Name DS_MANV: 'Nhân viên'!$A$5:$A$104

Sheet Hướng dẫn
A1: Chấm công & tính lương
A2: Sản phẩm của Zee Bee · app.zeebee.vn — dùng được bằng Excel (2010 trở lên) hoặc Google Sheets.
A4: Ô tô VÀNG = ô bạn nhập. Ô TRẮNG = công thức tự tính, đừng xóa.
A6: 1. Cài đặt (làm mỗi tháng)
A7: Sheet "Cài đặt": nhập Tháng, Năm cần chấm công; Số ngày công chuẩn (thường 26), Số giờ/ngày, Hệ số tăng ca.
A8: 2. Khai báo nhân viên
A9: Sheet "Nhân viên": Mã NV, Họ tên, Chức vụ, Lương tháng (đủ công), Phụ cấp cố định.
A10: 3. Chấm công hằng ngày
A11: Sheet "Chấm công": chọn Mã NV ở cột A; mỗi ngày gõ 1 ký hiệu:
A12: X = đi làm đủ ngày (1 công) N = nửa ngày (0,5 công) P = nghỉ phép CÓ lương (1 công)
A13: O = nghỉ KHÔNG lương (0 công) để trống = chưa chấm / không làm
A14: Cột "Giờ tăng ca": tổng số giờ tăng ca trong tháng.
... A23: Hỗ trợ: nhắn Zalo cho Seller đã bán sản phẩm cho bạn, hoặc Zalo 0976 094 453.

Sheet Cài đặt
A1: Cài đặt kỳ chấm công
A4: Tháng | B4: 10 | C4: 1–12
A5: Năm | B5: 2026
A6: Số ngày công chuẩn / tháng | B6: 26 | C6: Đủ công = nhận đủ lương tháng
A7: Số giờ làm / ngày | B7: 8 | C7: Dùng tính lương 1 giờ
A8: Hệ số tăng ca | B8: 1.5 | C8: 1,5 = 150% lương giờ

Sheet Nhân viên
A1: Danh sách nhân viên
A4: Mã NV | B4: Họ tên | C4: Chức vụ | D4: Lương tháng (đ) | E4: Phụ cấp (đ)
A5: NV01 | B5: Nguyễn Văn A (ví dụ) | C5: Phục vụ | D5: 6000000 | E5: 500000
A6: NV02 | B6: Trần Thị B (ví dụ) | C6: Thu ngân | D6: 7000000 | E6: 300000

Sheet Chấm công
A1: ="Bảng chấm công tháng "&CD_THANG&"/"&CD_NAM
A2: X = đủ ngày · N = nửa ngày · P = phép có lương · O = nghỉ không lương
A4: Mã NV | B4: Họ tên | C4: =IF(1>DAY(EOMONTH(DATE(CD_NAM,CD_THANG,1),0)),"",1) | D4: =IF(2>DAY(EOMONTH(DATE(CD_NAM,CD_THANG,1),0)),"",2) | E4: =IF(3>DAY(EOMONTH(DATE(CD_NAM,CD_THANG,1),0)),"",3) | F4: =IF(4>DAY(EOMONTH(DATE(CD_NAM,CD_THANG,1),0)),"",4) | G4: =IF(5>DAY(EOMONTH(DATE(CD_NAM,CD_THANG,1),0)),"",5) | H4: =IF(6>DAY(EOMONTH(DATE(CD_NAM,CD_THANG,1),0)),"",6) | I4: =IF(7>DAY(EOMONTH(DATE(CD_NAM,CD_THANG,1),0)),"",7) | J4: =IF(8>DAY(EOMONTH(DATE(CD_NAM,CD_THANG,1),0)),"",8) | K4: =IF(9>DAY(EOMONTH(DATE(CD_NAM,CD_THANG,1),0)),"",9) | L4: =IF(10>DAY(EOMONTH(DATE(CD_NAM,CD_THANG,1),0)),"",10) | M4: =IF(11>DAY(EOMONTH(DATE(CD_NAM,CD_THANG,1),0)),"",11) | N4: =IF(12>DAY(EOMONTH(DATE(CD_NAM,CD_THANG,1),0)),"",12) | O4: =IF(13>DAY(EOMONTH(DATE(CD_NAM,CD_THANG,1),0)),"",13) | P4: =IF(14>DAY(EOMONTH(DATE(CD_NAM,CD_THANG,1),0)),"",14) | Q4: =IF(15>DAY(EOMONTH(DATE(CD_NAM,CD_THANG,1),0)),"",15) | R4: =IF(16>DAY(EOMONTH(DATE(CD_NAM,CD_THANG,1),0)),"",16) | S4: =IF(17>DAY(EOMONTH(DATE(CD_NAM,CD_THANG,1),0)),"",17) | T4: =IF(18>DAY(EOMONTH(DATE(CD_NAM,CD_THANG,1),0)),"",18) | U4: =IF(19>DAY(EOMONTH(DATE(CD_NAM,CD_THANG,1),0)),"",19) | V4: =IF(20>DAY(EOMONTH(DATE(CD_NAM,CD_THANG,1),0)),"",20) | W4: =IF(21>DAY(EOMONTH(DATE(CD_NAM,CD_THANG,1),0)),"",21) | X4: =IF(22>DAY(EOMONTH(DATE(CD_NAM,CD_THANG,1),0)),"",22) | Y4: =IF(23>DAY(EOMONTH(DATE(CD_NAM,CD_THANG,1),0)),"",23) | Z4: =IF(24>DAY(EOMONTH(DATE(CD_NAM,CD_THANG,1),0)),"",24) | AA4: =IF(25>DAY(EOMONTH(DATE(CD_NAM,CD_THANG,1),0)),"",25) | AB4: =IF(26>DAY(EOMONTH(DATE(CD_NAM,CD_THANG,1),0)),"",26) | AC4: =IF(27>DAY(EOMONTH(DATE(CD_NAM,CD_THANG,1),0)),"",27) | AD4: =IF(28>DAY(EOMONTH(DATE(CD_NAM,CD_THANG,1),0)),"",28) | AE4: =IF(29>DAY(EOMONTH(DATE(CD_NAM,CD_THANG,1),0)),"",29) | AF4: =IF(30>DAY(EOMONTH(DATE(CD_NAM,CD_THANG,1),0)),"",30) | AG4: =IF(31>DAY(EOMONTH(DATE(CD_NAM,CD_THANG,1),0)),"",31) | AH4: Công | AI4: Phép | AJ4: Nghỉ KL | AK4: Giờ tăng ca
C5: =IF(C4="","",CHOOSE(WEEKDAY(DATE(CD_NAM,CD_THANG,1)),"CN","T2","T3","T4","T5","T6","T7")) | D5: =IF(D4="","",CHOOSE(WEEKDAY(DATE(CD_NAM,CD_THANG,2)),"CN","T2","T3","T4","T5","T6","T7")) | E5: =IF(E4="","",CHOOSE(WEEKDAY(DATE(CD_NAM,CD_THANG,3)),"CN","T2","T3","T4","T5","T6","T7")) | F5: =IF(F4="","",CHOOSE(WEEKDAY(DATE(CD_NAM,CD_THANG,4)),"CN","T2","T3","T4","T5","T6","T7")) | G5: =IF(G4="","",CHOOSE(WEEKDAY(DATE(CD_NAM,CD_THANG,5)),"CN","T2","T3","T4","T5","T6","T7")) | H5: =IF(H4="","",CHOOSE(WEEKDAY(DATE(CD_NAM,CD_THANG,6)),"CN","T2","T3","T4","T5","T6","T7")) | I5: =IF(I4="","",CHOOSE(WEEKDAY(DATE(CD_NAM,CD_THANG,7)),"CN","T2","T3","T4","T5","T6","T7")) | J5: =IF(J4="","",CHOOSE(WEEKDAY(DATE(CD_NAM,CD_THANG,8)),"CN","T2","T3","T4","T5","T6","T7")) | K5: =IF(K4="","",CHOOSE(WEEKDAY(DATE(CD_NAM,CD_THANG,9)),"CN","T2","T3","T4","T5","T6","T7")) | L5: =IF(L4="","",CHOOSE(WEEKDAY(DATE(CD_NAM,CD_THANG,10)),"CN","T2","T3","T4","T5","T6","T7")) | M5: =IF(M4="","",CHOOSE(WEEKDAY(DATE(CD_NAM,CD_THANG,11)),"CN","T2","T3","T4","T5","T6","T7")) | N5: =IF(N4="","",CHOOSE(WEEKDAY(DATE(CD_NAM,CD_THANG,12)),"CN","T2","T3","T4","T5","T6","T7")) | O5: =IF(O4="","",CHOOSE(WEEKDAY(DATE(CD_NAM,CD_THANG,13)),"CN","T2","T3","T4","T5","T6","T7")) | P5: =IF(P4="","",CHOOSE(WEEKDAY(DATE(CD_NAM,CD_THANG,14)),"CN","T2","T3","T4","T5","T6","T7")) | Q5: =IF(Q4="","",CHOOSE(WEEKDAY(DATE(CD_NAM,CD_THANG,15)),"CN","T2","T3","T4","T5","T6","T7")) | R5: =IF(R4="","",CHOOSE(WEEKDAY(DATE(CD_NAM,CD_THANG,16)),"CN","T2","T3","T4","T5","T6","T7")) | S5: =IF(S4="","",CHOOSE(WEEKDAY(DATE(CD_NAM,CD_THANG,17)),"CN","T2","T3","T4","T5","T6","T7")) | T5: =IF(T4="","",CHOOSE(WEEKDAY(DATE(CD_NAM,CD_THANG,18)),"CN","T2","T3","T4","T5","T6","T7")) | U5: =IF(U4="","",CHOOSE(WEEKDAY(DATE(CD_NAM,CD_THANG,19)),"CN","T2","T3","T4","T5","T6","T7")) | V5: =IF(V4="","",CHOOSE(WEEKDAY(DATE(CD_NAM,CD_THANG,20)),"CN","T2","T3","T4","T5","T6","T7")) | W5: =IF(W4="","",CHOOSE(WEEKDAY(DATE(CD_NAM,CD_THANG,21)),"CN","T2","T3","T4","T5","T6","T7")) | X5: =IF(X4="","",CHOOSE(WEEKDAY(DATE(CD_NAM,CD_THANG,22)),"CN","T2","T3","T4","T5","T6","T7")) | Y5: =IF(Y4="","",CHOOSE(WEEKDAY(DATE(CD_NAM,CD_THANG,23)),"CN","T2","T3","T4","T5","T6","T7")) | Z5: =IF(Z4="","",CHOOSE(WEEKDAY(DATE(CD_NAM,CD_THANG,24)),"CN","T2","T3","T4","T5","T6","T7")) | AA5: =IF(AA4="","",CHOOSE(WEEKDAY(DATE(CD_NAM,CD_THANG,25)),"CN","T2","T3","T4","T5","T6","T7")) | AB5: =IF(AB4="","",CHOOSE(WEEKDAY(DATE(CD_NAM,CD_THANG,26)),"CN","T2","T3","T4","T5","T6","T7")) | AC5: =IF(AC4="","",CHOOSE(WEEKDAY(DATE(CD_NAM,CD_THANG,27)),"CN","T2","T3","T4","T5","T6","T7")) | AD5: =IF(AD4="","",CHOOSE(WEEKDAY(DATE(CD_NAM,CD_THANG,28)),"CN","T2","T3","T4","T5","T6","T7")) | AE5: =IF(AE4="","",CHOOSE(WEEKDAY(DATE(CD_NAM,CD_THANG,29)),"CN","T2","T3","T4","T5","T6","T7")) | AF5: =IF(AF4="","",CHOOSE(WEEKDAY(DATE(CD_NAM,CD_THANG,30)),"CN","T2","T3","T4","T5","T6","T7")) | AG5: =IF(AG4="","",CHOOSE(WEEKDAY(DATE(CD_NAM,CD_THANG,31)),"CN","T2","T3","T4","T5","T6","T7"))
A6: NV01 | B6: =IF(A6="","",IFERROR(INDEX('Nhân viên'!$B$5:$B$104,MATCH(A6,'Nhân viên'!$A$5:$A$104,0)),"")) | C6: X | D6: X | E6: X | F6: X | G6: X | H6: N | J6: X | K6: X | L6: X | AH6: =IF(A6="","",COUNTIF(C6:AG6,"X")+COUNTIF(C6:AG6,"P")+0.5*COUNTIF(C6:AG6,"N")) | AI6: =IF(A6="","",COUNTIF(C6:AG6,"P")) | AJ6: =IF(A6="","",COUNTIF(C6:AG6,"O")) | AK6: 4
A7: NV02 | B7: =IF(A7="","",IFERROR(INDEX('Nhân viên'!$B$5:$B$104,MATCH(A7,'Nhân viên'!$A$5:$A$104,0)),"")) | C7: X | D7: X | E7: X | F7: P | G7: X | H7: X | I7: X | J7: X | K7: X | L7: X | AH7: =IF(A7="","",COUNTIF(C7:AG7,"X")+COUNTIF(C7:AG7,"P")+0.5*COUNTIF(C7:AG7,"N")) | AI7: =IF(A7="","",COUNTIF(C7:AG7,"P")) | AJ7: =IF(A7="","",COUNTIF(C7:AG7,"O")) | AK7: 0
B8: =IF(A8="","",IFERROR(INDEX('Nhân viên'!$B$5:$B$104,MATCH(A8,'Nhân viên'!$A$5:$A$104,0)),"")) | AH8: =IF(A8="","",COUNTIF(C8:AG8,"X")+COUNTIF(C8:AG8,"P")+0.5*COUNTIF(C8:AG8,"N")) | AI8: =IF(A8="","",COUNTIF(C8:AG8,"P")) | AJ8: =IF(A8="","",COUNTIF(C8:AG8,"O"))
B9: =IF(A9="","",IFERROR(INDEX('Nhân viên'!$B$5:$B$104,MATCH(A9,'Nhân viên'!$A$5:$A$104,0)),"")) | AH9: =IF(A9="","",COUNTIF(C9:AG9,"X")+COUNTIF(C9:AG9,"P")+0.5*COUNTIF(C9:AG9,"N")) | AI9: =IF(A9="","",COUNTIF(C9:AG9,"P")) | AJ9: =IF(A9="","",COUNTIF(C9:AG9,"O"))
B10: =IF(A10="","",IFERROR(INDEX('Nhân viên'!$B$5:$B$104,MATCH(A10,'Nhân viên'!$A$5:$A$104,0)),"")) | AH10: =IF(A10="","",COUNTIF(C10:AG10,"X")+COUNTIF(C10:AG10,"P")+0.5*COUNTIF(C10:AG10,"N")) | AI10: =IF(A10="","",COUNTIF(C10:AG10,"P")) | AJ10: =IF(A10="","",COUNTIF(C10:AG10,"O"))
B11: =IF(A11="","",IFERROR(INDEX('Nhân viên'!$B$5:$B$104,MATCH(A11,'Nhân viên'!$A$5:$A$104,0)),"")) | AH11: =IF(A11="","",COUNTIF(C11:AG11,"X")+COUNTIF(C11:AG11,"P")+0.5*COUNTIF(C11:AG11,"N")) | AI11: =IF(A11="","",COUNTIF(C11:AG11,"P")) | AJ11: =IF(A11="","",COUNTIF(C11:AG11,"O"))
B12: =IF(A12="","",IFERROR(INDEX('Nhân viên'!$B$5:$B$104,MATCH(A12,'Nhân viên'!$A$5:$A$104,0)),"")) | AH12: =IF(A12="","",COUNTIF(C12:AG12,"X")+COUNTIF(C12:AG12,"P")+0.5*COUNTIF(C12:AG12,"N")) | AI12: =IF(A12="","",COUNTIF(C12:AG12,"P")) | AJ12: =IF(A12="","",COUNTIF(C12:AG12,"O"))
B13: =IF(A13="","",IFERROR(INDEX('Nhân viên'!$B$5:$B$104,MATCH(A13,'Nhân viên'!$A$5:$A$104,0)),"")) | AH13: =IF(A13="","",COUNTIF(C13:AG13,"X")+COUNTIF(C13:AG13,"P")+0.5*COUNTIF(C13:AG13,"N")) | AI13: =IF(A13="","",COUNTIF(C13:AG13,"P")) | AJ13: =IF(A13="","",COUNTIF(C13:AG13,"O"))
B14: =IF(A14="","",IFERROR(INDEX('Nhân viên'!$B$5:$B$104,MATCH(A14,'Nhân viên'!$A$5:$A$104,0)),"")) | AH14: =IF(A14="","",COUNTIF(C14:AG14,"X")+COUNTIF(C14:AG14,"P")+0.5*COUNTIF(C14:AG14,"N")) | AI14: =IF(A14="","",COUNTIF(C14:AG14,"P")) | AJ14: =IF(A14="","",COUNTIF(C14:AG14,"O"))
B15: =IF(A15="","",IFERROR(INDEX('Nhân viên'!$B$5:$B$104,MATCH(A15,'Nhân viên'!$A$5:$A$104,0)),"")) | AH15: =IF(A15="","",COUNTIF(C15:AG15,"X")+COUNTIF(C15:AG15,"P")+0.5*COUNTIF(C15:AG15,"N")) | AI15: =IF(A15="","",COUNTIF(C15:AG15,"P")) | AJ15: =IF(A15="","",COUNTIF(C15:AG15,"O"))
B16: =IF(A16="","",IFERROR(INDEX('Nhân viên'!$B$5:$B$104,MATCH(A16,'Nhân viên'!$A$5:$A$104,0)),"")) | AH16: =IF(A16="","",COUNTIF(C16:AG16,"X")+COUNTIF(C16:AG16,"P")+0.5*COUNTIF(C16:AG16,"N")) | AI16: =IF(A16="","",COUNTIF(C16:AG16,"P")) | AJ16: =IF(A16="","",COUNTIF(C16:AG16,"O"))
B17: =IF(A17="","",IFERROR(INDEX('Nhân viên'!$B$5:$B$104,MATCH(A17,'Nhân viên'!$A$5:$A$104,0)),"")) | AH17: =IF(A17="","",COUNTIF(C17:AG17,"X")+COUNTIF(C17:AG17,"P")+0.5*COUNTIF(C17:AG17,"N")) | AI17: =IF(A17="","",COUNTIF(C17:AG17,"P")) | AJ17: =IF(A17="","",COUNTIF(C17:AG17,"O"))
B18: =IF(A18="","",IFERROR(INDEX('Nhân viên'!$B$5:$B$104,MATCH(A18,'Nhân viên'!$A$5:$A$104,0)),"")) | AH18: =IF(A18="","",COUNTIF(C18:AG18,"X")+COUNTIF(C18:AG18,"P")+0.5*COUNTIF(C18:AG18,"N")) | AI18: =IF(A18="","",COUNTIF(C18:AG18,"P")) | AJ18: =IF(A18="","",COUNTIF(C18:AG18,"O"))
B19: =IF(A19="","",IFERROR(INDEX('Nhân viên'!$B$5:$B$104,MATCH(A19,'Nhân viên'!$A$5:$A$104,0)),"")) | AH19: =IF(A19="","",COUNTIF(C19:AG19,"X")+COUNTIF(C19:AG19,"P")+0.5*COUNTIF(C19:AG19,"N")) | AI19: =IF(A19="","",COUNTIF(C19:AG19,"P")) | AJ19: =IF(A19="","",COUNTIF(C19:AG19,"O"))
... B105: =IF(A105="","",IFERROR(INDEX('Nhân viên'!$B$5:$B$104,MATCH(A105,'Nhân viên'!$A$5:$A$104,0)),"")) | AH105: =IF(A105="","",COUNTIF(C105:AG105,"X")+COUNTIF(C105:AG105,"P")+0.5*COUNTIF(C105:AG105,"N")) | AI105: =IF(A105="","",COUNTIF(C105:AG105,"P")) | AJ105: =IF(A105="","",COUNTIF(C105:AG105,"O"))

Sheet Bảng lương
A1: ="Bảng lương tháng "&CD_THANG&"/"&CD_NAM
A2: Ô vàng: Thưởng, Khấu trừ. Còn lại tự tính từ Chấm công và Nhân viên.
A4: Mã NV | B4: Họ tên | C4: Lương tháng | D4: Công thực tế | E4: Lương theo công | F4: Giờ tăng ca | G4: Tiền tăng ca | H4: Phụ cấp | I4: Thưởng | J4: Khấu trừ | K4: Thực nhận | L4: Ký nhận
A5: =IF('Chấm công'!A6="","",'Chấm công'!A6) | B5: =IF(A5="","",IFERROR(INDEX('Nhân viên'!$B$5:$B$104,MATCH(A5,'Nhân viên'!$A$5:$A$104,0)),"")) | C5: =IF(A5="","",N(IFERROR(INDEX('Nhân viên'!$D$5:$D$104,MATCH(A5,'Nhân viên'!$A$5:$A$104,0)),""))) | D5: =IF(A5="","",N(IFERROR(INDEX('Chấm công'!$AH$6:$AH$105,MATCH(A5,'Chấm công'!$A$6:$A$105,0)),0))) | E5: =IF(A5="","",ROUND(C5/CD_CONG_CHUAN*D5,0)) | F5: =IF(A5="","",N(IFERROR(INDEX('Chấm công'!$AK$6:$AK$105,MATCH(A5,'Chấm công'!$A$6:$A$105,0)),0))) | G5: =IF(A5="","",ROUND(C5/CD_CONG_CHUAN/CD_GIO_NGAY*CD_HE_SO_TC*F5,0)) | H5: =IF(A5="","",N(IFERROR(INDEX('Nhân viên'!$E$5:$E$104,MATCH(A5,'Nhân viên'!$A$5:$A$104,0)),""))) | K5: =IF(A5="","",E5+G5+H5+N(I5)-N(J5))
A6: =IF('Chấm công'!A7="","",'Chấm công'!A7) | B6: =IF(A6="","",IFERROR(INDEX('Nhân viên'!$B$5:$B$104,MATCH(A6,'Nhân viên'!$A$5:$A$104,0)),"")) | C6: =IF(A6="","",N(IFERROR(INDEX('Nhân viên'!$D$5:$D$104,MATCH(A6,'Nhân viên'!$A$5:$A$104,0)),""))) | D6: =IF(A6="","",N(IFERROR(INDEX('Chấm công'!$AH$6:$AH$105,MATCH(A6,'Chấm công'!$A$6:$A$105,0)),0))) | E6: =IF(A6="","",ROUND(C6/CD_CONG_CHUAN*D6,0)) | F6: =IF(A6="","",N(IFERROR(INDEX('Chấm công'!$AK$6:$AK$105,MATCH(A6,'Chấm công'!$A$6:$A$105,0)),0))) | G6: =IF(A6="","",ROUND(C6/CD_CONG_CHUAN/CD_GIO_NGAY*CD_HE_SO_TC*F6,0)) | H6: =IF(A6="","",N(IFERROR(INDEX('Nhân viên'!$E$5:$E$104,MATCH(A6,'Nhân viên'!$A$5:$A$104,0)),""))) | K6: =IF(A6="","",E6+G6+H6+N(I6)-N(J6))
A7: =IF('Chấm công'!A8="","",'Chấm công'!A8) | B7: =IF(A7="","",IFERROR(INDEX('Nhân viên'!$B$5:$B$104,MATCH(A7,'Nhân viên'!$A$5:$A$104,0)),"")) | C7: =IF(A7="","",N(IFERROR(INDEX('Nhân viên'!$D$5:$D$104,MATCH(A7,'Nhân viên'!$A$5:$A$104,0)),""))) | D7: =IF(A7="","",N(IFERROR(INDEX('Chấm công'!$AH$6:$AH$105,MATCH(A7,'Chấm công'!$A$6:$A$105,0)),0))) | E7: =IF(A7="","",ROUND(C7/CD_CONG_CHUAN*D7,0)) | F7: =IF(A7="","",N(IFERROR(INDEX('Chấm công'!$AK$6:$AK$105,MATCH(A7,'Chấm công'!$A$6:$A$105,0)),0))) | G7: =IF(A7="","",ROUND(C7/CD_CONG_CHUAN/CD_GIO_NGAY*CD_HE_SO_TC*F7,0)) | H7: =IF(A7="","",N(IFERROR(INDEX('Nhân viên'!$E$5:$E$104,MATCH(A7,'Nhân viên'!$A$5:$A$104,0)),""))) | K7: =IF(A7="","",E7+G7+H7+N(I7)-N(J7))
A8: =IF('Chấm công'!A9="","",'Chấm công'!A9) | B8: =IF(A8="","",IFERROR(INDEX('Nhân viên'!$B$5:$B$104,MATCH(A8,'Nhân viên'!$A$5:$A$104,0)),"")) | C8: =IF(A8="","",N(IFERROR(INDEX('Nhân viên'!$D$5:$D$104,MATCH(A8,'Nhân viên'!$A$5:$A$104,0)),""))) | D8: =IF(A8="","",N(IFERROR(INDEX('Chấm công'!$AH$6:$AH$105,MATCH(A8,'Chấm công'!$A$6:$A$105,0)),0))) | E8: =IF(A8="","",ROUND(C8/CD_CONG_CHUAN*D8,0)) | F8: =IF(A8="","",N(IFERROR(INDEX('Chấm công'!$AK$6:$AK$105,MATCH(A8,'Chấm công'!$A$6:$A$105,0)),0))) | G8: =IF(A8="","",ROUND(C8/CD_CONG_CHUAN/CD_GIO_NGAY*CD_HE_SO_TC*F8,0)) | H8: =IF(A8="","",N(IFERROR(INDEX('Nhân viên'!$E$5:$E$104,MATCH(A8,'Nhân viên'!$A$5:$A$104,0)),""))) | K8: =IF(A8="","",E8+G8+H8+N(I8)-N(J8))
A9: =IF('Chấm công'!A10="","",'Chấm công'!A10) | B9: =IF(A9="","",IFERROR(INDEX('Nhân viên'!$B$5:$B$104,MATCH(A9,'Nhân viên'!$A$5:$A$104,0)),"")) | C9: =IF(A9="","",N(IFERROR(INDEX('Nhân viên'!$D$5:$D$104,MATCH(A9,'Nhân viên'!$A$5:$A$104,0)),""))) | D9: =IF(A9="","",N(IFERROR(INDEX('Chấm công'!$AH$6:$AH$105,MATCH(A9,'Chấm công'!$A$6:$A$105,0)),0))) | E9: =IF(A9="","",ROUND(C9/CD_CONG_CHUAN*D9,0)) | F9: =IF(A9="","",N(IFERROR(INDEX('Chấm công'!$AK$6:$AK$105,MATCH(A9,'Chấm công'!$A$6:$A$105,0)),0))) | G9: =IF(A9="","",ROUND(C9/CD_CONG_CHUAN/CD_GIO_NGAY*CD_HE_SO_TC*F9,0)) | H9: =IF(A9="","",N(IFERROR(INDEX('Nhân viên'!$E$5:$E$104,MATCH(A9,'Nhân viên'!$A$5:$A$104,0)),""))) | K9: =IF(A9="","",E9+G9+H9+N(I9)-N(J9))
A10: =IF('Chấm công'!A11="","",'Chấm công'!A11) | B10: =IF(A10="","",IFERROR(INDEX('Nhân viên'!$B$5:$B$104,MATCH(A10,'Nhân viên'!$A$5:$A$104,0)),"")) | C10: =IF(A10="","",N(IFERROR(INDEX('Nhân viên'!$D$5:$D$104,MATCH(A10,'Nhân viên'!$A$5:$A$104,0)),""))) | D10: =IF(A10="","",N(IFERROR(INDEX('Chấm công'!$AH$6:$AH$105,MATCH(A10,'Chấm công'!$A$6:$A$105,0)),0))) | E10: =IF(A10="","",ROUND(C10/CD_CONG_CHUAN*D10,0)) | F10: =IF(A10="","",N(IFERROR(INDEX('Chấm công'!$AK$6:$AK$105,MATCH(A10,'Chấm công'!$A$6:$A$105,0)),0))) | G10: =IF(A10="","",ROUND(C10/CD_CONG_CHUAN/CD_GIO_NGAY*CD_HE_SO_TC*F10,0)) | H10: =IF(A10="","",N(IFERROR(INDEX('Nhân viên'!$E$5:$E$104,MATCH(A10,'Nhân viên'!$A$5:$A$104,0)),""))) | K10: =IF(A10="","",E10+G10+H10+N(I10)-N(J10))
A11: =IF('Chấm công'!A12="","",'Chấm công'!A12) | B11: =IF(A11="","",IFERROR(INDEX('Nhân viên'!$B$5:$B$104,MATCH(A11,'Nhân viên'!$A$5:$A$104,0)),"")) | C11: =IF(A11="","",N(IFERROR(INDEX('Nhân viên'!$D$5:$D$104,MATCH(A11,'Nhân viên'!$A$5:$A$104,0)),""))) | D11: =IF(A11="","",N(IFERROR(INDEX('Chấm công'!$AH$6:$AH$105,MATCH(A11,'Chấm công'!$A$6:$A$105,0)),0))) | E11: =IF(A11="","",ROUND(C11/CD_CONG_CHUAN*D11,0)) | F11: =IF(A11="","",N(IFERROR(INDEX('Chấm công'!$AK$6:$AK$105,MATCH(A11,'Chấm công'!$A$6:$A$105,0)),0))) | G11: =IF(A11="","",ROUND(C11/CD_CONG_CHUAN/CD_GIO_NGAY*CD_HE_SO_TC*F11,0)) | H11: =IF(A11="","",N(IFERROR(INDEX('Nhân viên'!$E$5:$E$104,MATCH(A11,'Nhân viên'!$A$5:$A$104,0)),""))) | K11: =IF(A11="","",E11+G11+H11+N(I11)-N(J11))
A12: =IF('Chấm công'!A13="","",'Chấm công'!A13) | B12: =IF(A12="","",IFERROR(INDEX('Nhân viên'!$B$5:$B$104,MATCH(A12,'Nhân viên'!$A$5:$A$104,0)),"")) | C12: =IF(A12="","",N(IFERROR(INDEX('Nhân viên'!$D$5:$D$104,MATCH(A12,'Nhân viên'!$A$5:$A$104,0)),""))) | D12: =IF(A12="","",N(IFERROR(INDEX('Chấm công'!$AH$6:$AH$105,MATCH(A12,'Chấm công'!$A$6:$A$105,0)),0))) | E12: =IF(A12="","",ROUND(C12/CD_CONG_CHUAN*D12,0)) | F12: =IF(A12="","",N(IFERROR(INDEX('Chấm công'!$AK$6:$AK$105,MATCH(A12,'Chấm công'!$A$6:$A$105,0)),0))) | G12: =IF(A12="","",ROUND(C12/CD_CONG_CHUAN/CD_GIO_NGAY*CD_HE_SO_TC*F12,0)) | H12: =IF(A12="","",N(IFERROR(INDEX('Nhân viên'!$E$5:$E$104,MATCH(A12,'Nhân viên'!$A$5:$A$104,0)),""))) | K12: =IF(A12="","",E12+G12+H12+N(I12)-N(J12))
A13: =IF('Chấm công'!A14="","",'Chấm công'!A14) | B13: =IF(A13="","",IFERROR(INDEX('Nhân viên'!$B$5:$B$104,MATCH(A13,'Nhân viên'!$A$5:$A$104,0)),"")) | C13: =IF(A13="","",N(IFERROR(INDEX('Nhân viên'!$D$5:$D$104,MATCH(A13,'Nhân viên'!$A$5:$A$104,0)),""))) | D13: =IF(A13="","",N(IFERROR(INDEX('Chấm công'!$AH$6:$AH$105,MATCH(A13,'Chấm công'!$A$6:$A$105,0)),0))) | E13: =IF(A13="","",ROUND(C13/CD_CONG_CHUAN*D13,0)) | F13: =IF(A13="","",N(IFERROR(INDEX('Chấm công'!$AK$6:$AK$105,MATCH(A13,'Chấm công'!$A$6:$A$105,0)),0))) | G13: =IF(A13="","",ROUND(C13/CD_CONG_CHUAN/CD_GIO_NGAY*CD_HE_SO_TC*F13,0)) | H13: =IF(A13="","",N(IFERROR(INDEX('Nhân viên'!$E$5:$E$104,MATCH(A13,'Nhân viên'!$A$5:$A$104,0)),""))) | K13: =IF(A13="","",E13+G13+H13+N(I13)-N(J13))
A14: =IF('Chấm công'!A15="","",'Chấm công'!A15) | B14: =IF(A14="","",IFERROR(INDEX('Nhân viên'!$B$5:$B$104,MATCH(A14,'Nhân viên'!$A$5:$A$104,0)),"")) | C14: =IF(A14="","",N(IFERROR(INDEX('Nhân viên'!$D$5:$D$104,MATCH(A14,'Nhân viên'!$A$5:$A$104,0)),""))) | D14: =IF(A14="","",N(IFERROR(INDEX('Chấm công'!$AH$6:$AH$105,MATCH(A14,'Chấm công'!$A$6:$A$105,0)),0))) | E14: =IF(A14="","",ROUND(C14/CD_CONG_CHUAN*D14,0)) | F14: =IF(A14="","",N(IFERROR(INDEX('Chấm công'!$AK$6:$AK$105,MATCH(A14,'Chấm công'!$A$6:$A$105,0)),0))) | G14: =IF(A14="","",ROUND(C14/CD_CONG_CHUAN/CD_GIO_NGAY*CD_HE_SO_TC*F14,0)) | H14: =IF(A14="","",N(IFERROR(INDEX('Nhân viên'!$E$5:$E$104,MATCH(A14,'Nhân viên'!$A$5:$A$104,0)),""))) | K14: =IF(A14="","",E14+G14+H14+N(I14)-N(J14))
A15: =IF('Chấm công'!A16="","",'Chấm công'!A16) | B15: =IF(A15="","",IFERROR(INDEX('Nhân viên'!$B$5:$B$104,MATCH(A15,'Nhân viên'!$A$5:$A$104,0)),"")) | C15: =IF(A15="","",N(IFERROR(INDEX('Nhân viên'!$D$5:$D$104,MATCH(A15,'Nhân viên'!$A$5:$A$104,0)),""))) | D15: =IF(A15="","",N(IFERROR(INDEX('Chấm công'!$AH$6:$AH$105,MATCH(A15,'Chấm công'!$A$6:$A$105,0)),0))) | E15: =IF(A15="","",ROUND(C15/CD_CONG_CHUAN*D15,0)) | F15: =IF(A15="","",N(IFERROR(INDEX('Chấm công'!$AK$6:$AK$105,MATCH(A15,'Chấm công'!$A$6:$A$105,0)),0))) | G15: =IF(A15="","",ROUND(C15/CD_CONG_CHUAN/CD_GIO_NGAY*CD_HE_SO_TC*F15,0)) | H15: =IF(A15="","",N(IFERROR(INDEX('Nhân viên'!$E$5:$E$104,MATCH(A15,'Nhân viên'!$A$5:$A$104,0)),""))) | K15: =IF(A15="","",E15+G15+H15+N(I15)-N(J15))
A16: =IF('Chấm công'!A17="","",'Chấm công'!A17) | B16: =IF(A16="","",IFERROR(INDEX('Nhân viên'!$B$5:$B$104,MATCH(A16,'Nhân viên'!$A$5:$A$104,0)),"")) | C16: =IF(A16="","",N(IFERROR(INDEX('Nhân viên'!$D$5:$D$104,MATCH(A16,'Nhân viên'!$A$5:$A$104,0)),""))) | D16: =IF(A16="","",N(IFERROR(INDEX('Chấm công'!$AH$6:$AH$105,MATCH(A16,'Chấm công'!$A$6:$A$105,0)),0))) | E16: =IF(A16="","",ROUND(C16/CD_CONG_CHUAN*D16,0)) | F16: =IF(A16="","",N(IFERROR(INDEX('Chấm công'!$AK$6:$AK$105,MATCH(A16,'Chấm công'!$A$6:$A$105,0)),0))) | G16: =IF(A16="","",ROUND(C16/CD_CONG_CHUAN/CD_GIO_NGAY*CD_HE_SO_TC*F16,0)) | H16: =IF(A16="","",N(IFERROR(INDEX('Nhân viên'!$E$5:$E$104,MATCH(A16,'Nhân viên'!$A$5:$A$104,0)),""))) | K16: =IF(A16="","",E16+G16+H16+N(I16)-N(J16))
... A104: =IF('Chấm công'!A105="","",'Chấm công'!A105) | B104: =IF(A104="","",IFERROR(INDEX('Nhân viên'!$B$5:$B$104,MATCH(A104,'Nhân viên'!$A$5:$A$104,0)),"")) | C104: =IF(A104="","",N(IFERROR(INDEX('Nhân viên'!$D$5:$D$104,MATCH(A104,'Nhân viên'!$A$5:$A$104,0)),""))) | D104: =IF(A104="","",N(IFERROR(INDEX('Chấm công'!$AH$6:$AH$105,MATCH(A104,'Chấm công'!$A$6:$A$105,0)),0))) | E104: =IF(A104="","",ROUND(C104/CD_CONG_CHUAN*D104,0)) | F104: =IF(A104="","",N(IFERROR(INDEX('Chấm công'!$AK$6:$AK$105,MATCH(A104,'Chấm công'!$A$6:$A$105,0)),0))) | G104: =IF(A104="","",ROUND(C104/CD_CONG_CHUAN/CD_GIO_NGAY*CD_HE_SO_TC*F104,0)) | H104: =IF(A104="","",N(IFERROR(INDEX('Nhân viên'!$E$5:$E$104,MATCH(A104,'Nhân viên'!$A$5:$A$104,0)),""))) | K104: =IF(A104="","",E104+G104+H104+N(I104)-N(J104))
B105: TỔNG CỘNG | E105: =SUM(E5:E104) | G105: =SUM(G5:G104) | H105: =SUM(H5:H104) | I105: =SUM(I5:I104) | J105: =SUM(J5:J104) | K105: =SUM(K5:K104)
