Workbook
Name DS_MASP: 'Sản phẩm'!$A$5:$A$304

Sheet Hướng dẫn
A1: Quản lý bán hàng shop nhỏ
A2: Sản phẩm của Zee Bee · app.zeebee.vn — dùng được bằng Excel (2010 trở lên) hoặc Google Sheets.
A4: Ô tô VÀNG = ô bạn nhập. Ô TRẮNG = công thức tự tính, đừng xóa.
A6: 1. Khai báo sản phẩm
A7: Sheet "Sản phẩm": mỗi sản phẩm một dòng — Mã SP (ngắn, không trùng), Tên, Đơn vị, Giá vốn, Giá bán, Tồn đầu kỳ,
A8: Mức cảnh báo (tồn bằng hoặc dưới mức này sẽ hiện "Sắp hết"). Cột Nhập / Bán / Tồn hiện tại tự tính.
A9: 2. Nhập hàng
A10: Sheet "Nhập kho": Ngày, Mã SP (chọn), Số lượng, Đơn giá nhập. Tên và thành tiền tự hiện.
A11: 3. Bán hàng
A12: Sheet "Bán hàng": Ngày, Mã đơn, Khách hàng, Mã SP, Số lượng, Giảm giá (nếu có).
A13: Giá bán và giá vốn tự lấy từ sheet Sản phẩm; Doanh thu, Tiền vốn, Lãi gộp tự tính.
A14: Đơn nhiều sản phẩm: ghi mỗi sản phẩm một dòng, cùng Mã đơn.
... A21: Hỗ trợ: nhắn Zalo cho Seller đã bán sản phẩm cho bạn, hoặc Zalo 0976 094 453.

Sheet Sản phẩm
A1: Danh mục sản phẩm & tồn kho
A2: Ô vàng: khai báo. Ô trắng: tự tính.
A4: Mã SP | B4: Tên sản phẩm | C4: Đơn vị | D4: Giá vốn (đ) | E4: Giá bán (đ) | F4: Tồn đầu kỳ | G4: Mức cảnh báo | H4: Đã nhập | I4: Đã bán | J4: Tồn hiện tại | K4: Trạng thái
A5: SP01 | B5: Bình gốm men mờ (ví dụ) | C5: cái | D5: 150000 | E5: 280000 | F5: 10 | G5: 3 | H5: =IF(A5="","",SUMIFS('Nhập kho'!$D$5:$D$2004,'Nhập kho'!$B$5:$B$2004,A5)) | I5: =IF(A5="","",SUMIFS('Bán hàng'!$F$5:$F$5004,'Bán hàng'!$D$5:$D$5004,A5)) | J5: =IF(A5="","",F5+H5-I5) | K5: =IF(A5="","",IF(J5<=0,"Hết hàng",IF(J5<=G5,"Sắp hết","Còn hàng")))
A6: SP02 | B6: Kệ gỗ treo tường (ví dụ) | C6: cái | D6: 220000 | E6: 450000 | F6: 5 | G6: 2 | H6: =IF(A6="","",SUMIFS('Nhập kho'!$D$5:$D$2004,'Nhập kho'!$B$5:$B$2004,A6)) | I6: =IF(A6="","",SUMIFS('Bán hàng'!$F$5:$F$5004,'Bán hàng'!$D$5:$D$5004,A6)) | J6: =IF(A6="","",F6+H6-I6) | K6: =IF(A6="","",IF(J6<=0,"Hết hàng",IF(J6<=G6,"Sắp hết","Còn hàng")))
H7: =IF(A7="","",SUMIFS('Nhập kho'!$D$5:$D$2004,'Nhập kho'!$B$5:$B$2004,A7)) | I7: =IF(A7="","",SUMIFS('Bán hàng'!$F$5:$F$5004,'Bán hàng'!$D$5:$D$5004,A7)) | J7: =IF(A7="","",F7+H7-I7) | K7: =IF(A7="","",IF(J7<=0,"Hết hàng",IF(J7<=G7,"Sắp hết","Còn hàng")))
H8: =IF(A8="","",SUMIFS('Nhập kho'!$D$5:$D$2004,'Nhập kho'!$B$5:$B$2004,A8)) | I8: =IF(A8="","",SUMIFS('Bán hàng'!$F$5:$F$5004,'Bán hàng'!$D$5:$D$5004,A8)) | J8: =IF(A8="","",F8+H8-I8) | K8: =IF(A8="","",IF(J8<=0,"Hết hàng",IF(J8<=G8,"Sắp hết","Còn hàng")))
H9: =IF(A9="","",SUMIFS('Nhập kho'!$D$5:$D$2004,'Nhập kho'!$B$5:$B$2004,A9)) | I9: =IF(A9="","",SUMIFS('Bán hàng'!$F$5:$F$5004,'Bán hàng'!$D$5:$D$5004,A9)) | J9: =IF(A9="","",F9+H9-I9) | K9: =IF(A9="","",IF(J9<=0,"Hết hàng",IF(J9<=G9,"Sắp hết","Còn hàng")))
H10: =IF(A10="","",SUMIFS('Nhập kho'!$D$5:$D$2004,'Nhập kho'!$B$5:$B$2004,A10)) | I10: =IF(A10="","",SUMIFS('Bán hàng'!$F$5:$F$5004,'Bán hàng'!$D$5:$D$5004,A10)) | J10: =IF(A10="","",F10+H10-I10) | K10: =IF(A10="","",IF(J10<=0,"Hết hàng",IF(J10<=G10,"Sắp hết","Còn hàng")))
H11: =IF(A11="","",SUMIFS('Nhập kho'!$D$5:$D$2004,'Nhập kho'!$B$5:$B$2004,A11)) | I11: =IF(A11="","",SUMIFS('Bán hàng'!$F$5:$F$5004,'Bán hàng'!$D$5:$D$5004,A11)) | J11: =IF(A11="","",F11+H11-I11) | K11: =IF(A11="","",IF(J11<=0,"Hết hàng",IF(J11<=G11,"Sắp hết","Còn hàng")))
H12: =IF(A12="","",SUMIFS('Nhập kho'!$D$5:$D$2004,'Nhập kho'!$B$5:$B$2004,A12)) | I12: =IF(A12="","",SUMIFS('Bán hàng'!$F$5:$F$5004,'Bán hàng'!$D$5:$D$5004,A12)) | J12: =IF(A12="","",F12+H12-I12) | K12: =IF(A12="","",IF(J12<=0,"Hết hàng",IF(J12<=G12,"Sắp hết","Còn hàng")))
H13: =IF(A13="","",SUMIFS('Nhập kho'!$D$5:$D$2004,'Nhập kho'!$B$5:$B$2004,A13)) | I13: =IF(A13="","",SUMIFS('Bán hàng'!$F$5:$F$5004,'Bán hàng'!$D$5:$D$5004,A13)) | J13: =IF(A13="","",F13+H13-I13) | K13: =IF(A13="","",IF(J13<=0,"Hết hàng",IF(J13<=G13,"Sắp hết","Còn hàng")))
H14: =IF(A14="","",SUMIFS('Nhập kho'!$D$5:$D$2004,'Nhập kho'!$B$5:$B$2004,A14)) | I14: =IF(A14="","",SUMIFS('Bán hàng'!$F$5:$F$5004,'Bán hàng'!$D$5:$D$5004,A14)) | J14: =IF(A14="","",F14+H14-I14) | K14: =IF(A14="","",IF(J14<=0,"Hết hàng",IF(J14<=G14,"Sắp hết","Còn hàng")))
H15: =IF(A15="","",SUMIFS('Nhập kho'!$D$5:$D$2004,'Nhập kho'!$B$5:$B$2004,A15)) | I15: =IF(A15="","",SUMIFS('Bán hàng'!$F$5:$F$5004,'Bán hàng'!$D$5:$D$5004,A15)) | J15: =IF(A15="","",F15+H15-I15) | K15: =IF(A15="","",IF(J15<=0,"Hết hàng",IF(J15<=G15,"Sắp hết","Còn hàng")))
H16: =IF(A16="","",SUMIFS('Nhập kho'!$D$5:$D$2004,'Nhập kho'!$B$5:$B$2004,A16)) | I16: =IF(A16="","",SUMIFS('Bán hàng'!$F$5:$F$5004,'Bán hàng'!$D$5:$D$5004,A16)) | J16: =IF(A16="","",F16+H16-I16) | K16: =IF(A16="","",IF(J16<=0,"Hết hàng",IF(J16<=G16,"Sắp hết","Còn hàng")))
H17: =IF(A17="","",SUMIFS('Nhập kho'!$D$5:$D$2004,'Nhập kho'!$B$5:$B$2004,A17)) | I17: =IF(A17="","",SUMIFS('Bán hàng'!$F$5:$F$5004,'Bán hàng'!$D$5:$D$5004,A17)) | J17: =IF(A17="","",F17+H17-I17) | K17: =IF(A17="","",IF(J17<=0,"Hết hàng",IF(J17<=G17,"Sắp hết","Còn hàng")))
H18: =IF(A18="","",SUMIFS('Nhập kho'!$D$5:$D$2004,'Nhập kho'!$B$5:$B$2004,A18)) | I18: =IF(A18="","",SUMIFS('Bán hàng'!$F$5:$F$5004,'Bán hàng'!$D$5:$D$5004,A18)) | J18: =IF(A18="","",F18+H18-I18) | K18: =IF(A18="","",IF(J18<=0,"Hết hàng",IF(J18<=G18,"Sắp hết","Còn hàng")))
... H304: =IF(A304="","",SUMIFS('Nhập kho'!$D$5:$D$2004,'Nhập kho'!$B$5:$B$2004,A304)) | I304: =IF(A304="","",SUMIFS('Bán hàng'!$F$5:$F$5004,'Bán hàng'!$D$5:$D$5004,A304)) | J304: =IF(A304="","",F304+H304-I304) | K304: =IF(A304="","",IF(J304<=0,"Hết hàng",IF(J304<=G304,"Sắp hết","Còn hàng")))

Sheet Nhập kho
A1: Phiếu nhập kho
A2: Mỗi lần nhập một sản phẩm một dòng.
A4: Ngày | B4: Mã SP | C4: Tên sản phẩm | D4: Số lượng | E4: Đơn giá nhập (đ) | F4: Thành tiền (đ) | G4: Nhà cung cấp / ghi chú | H4: Tháng | I4: Năm
A5: 46296 | B5: SP01 | C5: =IF(B5="","",IFERROR(INDEX('Sản phẩm'!$B$5:$B$304,MATCH(B5,'Sản phẩm'!$A$5:$A$304,0)),"")) | D5: 6 | E5: 150000 | F5: =IF(OR(D5="",E5=""),"",D5*E5) | G5: Ví dụ — xóa dòng này | H5: =IF(A5="","",MONTH(A5)) | I5: =IF(A5="","",YEAR(A5))
C6: =IF(B6="","",IFERROR(INDEX('Sản phẩm'!$B$5:$B$304,MATCH(B6,'Sản phẩm'!$A$5:$A$304,0)),"")) | F6: =IF(OR(D6="",E6=""),"",D6*E6) | H6: =IF(A6="","",MONTH(A6)) | I6: =IF(A6="","",YEAR(A6))
C7: =IF(B7="","",IFERROR(INDEX('Sản phẩm'!$B$5:$B$304,MATCH(B7,'Sản phẩm'!$A$5:$A$304,0)),"")) | F7: =IF(OR(D7="",E7=""),"",D7*E7) | H7: =IF(A7="","",MONTH(A7)) | I7: =IF(A7="","",YEAR(A7))
C8: =IF(B8="","",IFERROR(INDEX('Sản phẩm'!$B$5:$B$304,MATCH(B8,'Sản phẩm'!$A$5:$A$304,0)),"")) | F8: =IF(OR(D8="",E8=""),"",D8*E8) | H8: =IF(A8="","",MONTH(A8)) | I8: =IF(A8="","",YEAR(A8))
C9: =IF(B9="","",IFERROR(INDEX('Sản phẩm'!$B$5:$B$304,MATCH(B9,'Sản phẩm'!$A$5:$A$304,0)),"")) | F9: =IF(OR(D9="",E9=""),"",D9*E9) | H9: =IF(A9="","",MONTH(A9)) | I9: =IF(A9="","",YEAR(A9))
C10: =IF(B10="","",IFERROR(INDEX('Sản phẩm'!$B$5:$B$304,MATCH(B10,'Sản phẩm'!$A$5:$A$304,0)),"")) | F10: =IF(OR(D10="",E10=""),"",D10*E10) | H10: =IF(A10="","",MONTH(A10)) | I10: =IF(A10="","",YEAR(A10))
C11: =IF(B11="","",IFERROR(INDEX('Sản phẩm'!$B$5:$B$304,MATCH(B11,'Sản phẩm'!$A$5:$A$304,0)),"")) | F11: =IF(OR(D11="",E11=""),"",D11*E11) | H11: =IF(A11="","",MONTH(A11)) | I11: =IF(A11="","",YEAR(A11))
C12: =IF(B12="","",IFERROR(INDEX('Sản phẩm'!$B$5:$B$304,MATCH(B12,'Sản phẩm'!$A$5:$A$304,0)),"")) | F12: =IF(OR(D12="",E12=""),"",D12*E12) | H12: =IF(A12="","",MONTH(A12)) | I12: =IF(A12="","",YEAR(A12))
C13: =IF(B13="","",IFERROR(INDEX('Sản phẩm'!$B$5:$B$304,MATCH(B13,'Sản phẩm'!$A$5:$A$304,0)),"")) | F13: =IF(OR(D13="",E13=""),"",D13*E13) | H13: =IF(A13="","",MONTH(A13)) | I13: =IF(A13="","",YEAR(A13))
C14: =IF(B14="","",IFERROR(INDEX('Sản phẩm'!$B$5:$B$304,MATCH(B14,'Sản phẩm'!$A$5:$A$304,0)),"")) | F14: =IF(OR(D14="",E14=""),"",D14*E14) | H14: =IF(A14="","",MONTH(A14)) | I14: =IF(A14="","",YEAR(A14))
C15: =IF(B15="","",IFERROR(INDEX('Sản phẩm'!$B$5:$B$304,MATCH(B15,'Sản phẩm'!$A$5:$A$304,0)),"")) | F15: =IF(OR(D15="",E15=""),"",D15*E15) | H15: =IF(A15="","",MONTH(A15)) | I15: =IF(A15="","",YEAR(A15))
C16: =IF(B16="","",IFERROR(INDEX('Sản phẩm'!$B$5:$B$304,MATCH(B16,'Sản phẩm'!$A$5:$A$304,0)),"")) | F16: =IF(OR(D16="",E16=""),"",D16*E16) | H16: =IF(A16="","",MONTH(A16)) | I16: =IF(A16="","",YEAR(A16))
C17: =IF(B17="","",IFERROR(INDEX('Sản phẩm'!$B$5:$B$304,MATCH(B17,'Sản phẩm'!$A$5:$A$304,0)),"")) | F17: =IF(OR(D17="",E17=""),"",D17*E17) | H17: =IF(A17="","",MONTH(A17)) | I17: =IF(A17="","",YEAR(A17))
... C2004: =IF(B2004="","",IFERROR(INDEX('Sản phẩm'!$B$5:$B$304,MATCH(B2004,'Sản phẩm'!$A$5:$A$304,0)),"")) | F2004: =IF(OR(D2004="",E2004=""),"",D2004*E2004) | H2004: =IF(A2004="","",MONTH(A2004)) | I2004: =IF(A2004="","",YEAR(A2004))

Sheet Bán hàng
A1: Sổ bán hàng
A2: Đơn nhiều sản phẩm: mỗi sản phẩm một dòng, cùng Mã đơn.
A4: Ngày | B4: Mã đơn | C4: Khách hàng | D4: Mã SP | E4: Tên sản phẩm | F4: Số lượng | G4: Giá bán khác (nếu có) | H4: Giảm giá (đ) | I4: Giá bán áp dụng | J4: Doanh thu (đ) | K4: Tiền vốn (đ) | L4: Lãi gộp (đ) | M4: Tháng | N4: Năm
A5: 46297 | B5: DH001 | C5: Chị Lan (ví dụ) | D5: SP01 | E5: =IF(D5="","",IFERROR(INDEX('Sản phẩm'!$B$5:$B$304,MATCH(D5,'Sản phẩm'!$A$5:$A$304,0)),"")) | F5: 2 | H5: 20000 | I5: =IF(D5="","",IF(G5<>"",G5,IFERROR(INDEX('Sản phẩm'!$E$5:$E$304,MATCH(D5,'Sản phẩm'!$A$5:$A$304,0)),""))) | J5: =IF(OR(D5="",F5=""),"",F5*I5-N(H5)) | K5: =IF(OR(D5="",F5=""),"",F5*IFERROR(INDEX('Sản phẩm'!$D$5:$D$304,MATCH(D5,'Sản phẩm'!$A$5:$A$304,0)),"")) | L5: =IF(J5="","",J5-K5) | M5: =IF(A5="","",MONTH(A5)) | N5: =IF(A5="","",YEAR(A5))
A6: 46297 | B6: DH001 | C6: Chị Lan (ví dụ) | D6: SP02 | E6: =IF(D6="","",IFERROR(INDEX('Sản phẩm'!$B$5:$B$304,MATCH(D6,'Sản phẩm'!$A$5:$A$304,0)),"")) | F6: 1 | I6: =IF(D6="","",IF(G6<>"",G6,IFERROR(INDEX('Sản phẩm'!$E$5:$E$304,MATCH(D6,'Sản phẩm'!$A$5:$A$304,0)),""))) | J6: =IF(OR(D6="",F6=""),"",F6*I6-N(H6)) | K6: =IF(OR(D6="",F6=""),"",F6*IFERROR(INDEX('Sản phẩm'!$D$5:$D$304,MATCH(D6,'Sản phẩm'!$A$5:$A$304,0)),"")) | L6: =IF(J6="","",J6-K6) | M6: =IF(A6="","",MONTH(A6)) | N6: =IF(A6="","",YEAR(A6))
A7: 46300 | B7: DH002 | C7: Anh Minh (ví dụ) | D7: SP01 | E7: =IF(D7="","",IFERROR(INDEX('Sản phẩm'!$B$5:$B$304,MATCH(D7,'Sản phẩm'!$A$5:$A$304,0)),"")) | F7: 1 | G7: 260000 | I7: =IF(D7="","",IF(G7<>"",G7,IFERROR(INDEX('Sản phẩm'!$E$5:$E$304,MATCH(D7,'Sản phẩm'!$A$5:$A$304,0)),""))) | J7: =IF(OR(D7="",F7=""),"",F7*I7-N(H7)) | K7: =IF(OR(D7="",F7=""),"",F7*IFERROR(INDEX('Sản phẩm'!$D$5:$D$304,MATCH(D7,'Sản phẩm'!$A$5:$A$304,0)),"")) | L7: =IF(J7="","",J7-K7) | M7: =IF(A7="","",MONTH(A7)) | N7: =IF(A7="","",YEAR(A7))
E8: =IF(D8="","",IFERROR(INDEX('Sản phẩm'!$B$5:$B$304,MATCH(D8,'Sản phẩm'!$A$5:$A$304,0)),"")) | I8: =IF(D8="","",IF(G8<>"",G8,IFERROR(INDEX('Sản phẩm'!$E$5:$E$304,MATCH(D8,'Sản phẩm'!$A$5:$A$304,0)),""))) | J8: =IF(OR(D8="",F8=""),"",F8*I8-N(H8)) | K8: =IF(OR(D8="",F8=""),"",F8*IFERROR(INDEX('Sản phẩm'!$D$5:$D$304,MATCH(D8,'Sản phẩm'!$A$5:$A$304,0)),"")) | L8: =IF(J8="","",J8-K8) | M8: =IF(A8="","",MONTH(A8)) | N8: =IF(A8="","",YEAR(A8))
E9: =IF(D9="","",IFERROR(INDEX('Sản phẩm'!$B$5:$B$304,MATCH(D9,'Sản phẩm'!$A$5:$A$304,0)),"")) | I9: =IF(D9="","",IF(G9<>"",G9,IFERROR(INDEX('Sản phẩm'!$E$5:$E$304,MATCH(D9,'Sản phẩm'!$A$5:$A$304,0)),""))) | J9: =IF(OR(D9="",F9=""),"",F9*I9-N(H9)) | K9: =IF(OR(D9="",F9=""),"",F9*IFERROR(INDEX('Sản phẩm'!$D$5:$D$304,MATCH(D9,'Sản phẩm'!$A$5:$A$304,0)),"")) | L9: =IF(J9="","",J9-K9) | M9: =IF(A9="","",MONTH(A9)) | N9: =IF(A9="","",YEAR(A9))
E10: =IF(D10="","",IFERROR(INDEX('Sản phẩm'!$B$5:$B$304,MATCH(D10,'Sản phẩm'!$A$5:$A$304,0)),"")) | I10: =IF(D10="","",IF(G10<>"",G10,IFERROR(INDEX('Sản phẩm'!$E$5:$E$304,MATCH(D10,'Sản phẩm'!$A$5:$A$304,0)),""))) | J10: =IF(OR(D10="",F10=""),"",F10*I10-N(H10)) | K10: =IF(OR(D10="",F10=""),"",F10*IFERROR(INDEX('Sản phẩm'!$D$5:$D$304,MATCH(D10,'Sản phẩm'!$A$5:$A$304,0)),"")) | L10: =IF(J10="","",J10-K10) | M10: =IF(A10="","",MONTH(A10)) | N10: =IF(A10="","",YEAR(A10))
E11: =IF(D11="","",IFERROR(INDEX('Sản phẩm'!$B$5:$B$304,MATCH(D11,'Sản phẩm'!$A$5:$A$304,0)),"")) | I11: =IF(D11="","",IF(G11<>"",G11,IFERROR(INDEX('Sản phẩm'!$E$5:$E$304,MATCH(D11,'Sản phẩm'!$A$5:$A$304,0)),""))) | J11: =IF(OR(D11="",F11=""),"",F11*I11-N(H11)) | K11: =IF(OR(D11="",F11=""),"",F11*IFERROR(INDEX('Sản phẩm'!$D$5:$D$304,MATCH(D11,'Sản phẩm'!$A$5:$A$304,0)),"")) | L11: =IF(J11="","",J11-K11) | M11: =IF(A11="","",MONTH(A11)) | N11: =IF(A11="","",YEAR(A11))
E12: =IF(D12="","",IFERROR(INDEX('Sản phẩm'!$B$5:$B$304,MATCH(D12,'Sản phẩm'!$A$5:$A$304,0)),"")) | I12: =IF(D12="","",IF(G12<>"",G12,IFERROR(INDEX('Sản phẩm'!$E$5:$E$304,MATCH(D12,'Sản phẩm'!$A$5:$A$304,0)),""))) | J12: =IF(OR(D12="",F12=""),"",F12*I12-N(H12)) | K12: =IF(OR(D12="",F12=""),"",F12*IFERROR(INDEX('Sản phẩm'!$D$5:$D$304,MATCH(D12,'Sản phẩm'!$A$5:$A$304,0)),"")) | L12: =IF(J12="","",J12-K12) | M12: =IF(A12="","",MONTH(A12)) | N12: =IF(A12="","",YEAR(A12))
E13: =IF(D13="","",IFERROR(INDEX('Sản phẩm'!$B$5:$B$304,MATCH(D13,'Sản phẩm'!$A$5:$A$304,0)),"")) | I13: =IF(D13="","",IF(G13<>"",G13,IFERROR(INDEX('Sản phẩm'!$E$5:$E$304,MATCH(D13,'Sản phẩm'!$A$5:$A$304,0)),""))) | J13: =IF(OR(D13="",F13=""),"",F13*I13-N(H13)) | K13: =IF(OR(D13="",F13=""),"",F13*IFERROR(INDEX('Sản phẩm'!$D$5:$D$304,MATCH(D13,'Sản phẩm'!$A$5:$A$304,0)),"")) | L13: =IF(J13="","",J13-K13) | M13: =IF(A13="","",MONTH(A13)) | N13: =IF(A13="","",YEAR(A13))
E14: =IF(D14="","",IFERROR(INDEX('Sản phẩm'!$B$5:$B$304,MATCH(D14,'Sản phẩm'!$A$5:$A$304,0)),"")) | I14: =IF(D14="","",IF(G14<>"",G14,IFERROR(INDEX('Sản phẩm'!$E$5:$E$304,MATCH(D14,'Sản phẩm'!$A$5:$A$304,0)),""))) | J14: =IF(OR(D14="",F14=""),"",F14*I14-N(H14)) | K14: =IF(OR(D14="",F14=""),"",F14*IFERROR(INDEX('Sản phẩm'!$D$5:$D$304,MATCH(D14,'Sản phẩm'!$A$5:$A$304,0)),"")) | L14: =IF(J14="","",J14-K14) | M14: =IF(A14="","",MONTH(A14)) | N14: =IF(A14="","",YEAR(A14))
E15: =IF(D15="","",IFERROR(INDEX('Sản phẩm'!$B$5:$B$304,MATCH(D15,'Sản phẩm'!$A$5:$A$304,0)),"")) | I15: =IF(D15="","",IF(G15<>"",G15,IFERROR(INDEX('Sản phẩm'!$E$5:$E$304,MATCH(D15,'Sản phẩm'!$A$5:$A$304,0)),""))) | J15: =IF(OR(D15="",F15=""),"",F15*I15-N(H15)) | K15: =IF(OR(D15="",F15=""),"",F15*IFERROR(INDEX('Sản phẩm'!$D$5:$D$304,MATCH(D15,'Sản phẩm'!$A$5:$A$304,0)),"")) | L15: =IF(J15="","",J15-K15) | M15: =IF(A15="","",MONTH(A15)) | N15: =IF(A15="","",YEAR(A15))
E16: =IF(D16="","",IFERROR(INDEX('Sản phẩm'!$B$5:$B$304,MATCH(D16,'Sản phẩm'!$A$5:$A$304,0)),"")) | I16: =IF(D16="","",IF(G16<>"",G16,IFERROR(INDEX('Sản phẩm'!$E$5:$E$304,MATCH(D16,'Sản phẩm'!$A$5:$A$304,0)),""))) | J16: =IF(OR(D16="",F16=""),"",F16*I16-N(H16)) | K16: =IF(OR(D16="",F16=""),"",F16*IFERROR(INDEX('Sản phẩm'!$D$5:$D$304,MATCH(D16,'Sản phẩm'!$A$5:$A$304,0)),"")) | L16: =IF(J16="","",J16-K16) | M16: =IF(A16="","",MONTH(A16)) | N16: =IF(A16="","",YEAR(A16))
E17: =IF(D17="","",IFERROR(INDEX('Sản phẩm'!$B$5:$B$304,MATCH(D17,'Sản phẩm'!$A$5:$A$304,0)),"")) | I17: =IF(D17="","",IF(G17<>"",G17,IFERROR(INDEX('Sản phẩm'!$E$5:$E$304,MATCH(D17,'Sản phẩm'!$A$5:$A$304,0)),""))) | J17: =IF(OR(D17="",F17=""),"",F17*I17-N(H17)) | K17: =IF(OR(D17="",F17=""),"",F17*IFERROR(INDEX('Sản phẩm'!$D$5:$D$304,MATCH(D17,'Sản phẩm'!$A$5:$A$304,0)),"")) | L17: =IF(J17="","",J17-K17) | M17: =IF(A17="","",MONTH(A17)) | N17: =IF(A17="","",YEAR(A17))
E18: =IF(D18="","",IFERROR(INDEX('Sản phẩm'!$B$5:$B$304,MATCH(D18,'Sản phẩm'!$A$5:$A$304,0)),"")) | I18: =IF(D18="","",IF(G18<>"",G18,IFERROR(INDEX('Sản phẩm'!$E$5:$E$304,MATCH(D18,'Sản phẩm'!$A$5:$A$304,0)),""))) | J18: =IF(OR(D18="",F18=""),"",F18*I18-N(H18)) | K18: =IF(OR(D18="",F18=""),"",F18*IFERROR(INDEX('Sản phẩm'!$D$5:$D$304,MATCH(D18,'Sản phẩm'!$A$5:$A$304,0)),"")) | L18: =IF(J18="","",J18-K18) | M18: =IF(A18="","",MONTH(A18)) | N18: =IF(A18="","",YEAR(A18))
E19: =IF(D19="","",IFERROR(INDEX('Sản phẩm'!$B$5:$B$304,MATCH(D19,'Sản phẩm'!$A$5:$A$304,0)),"")) | I19: =IF(D19="","",IF(G19<>"",G19,IFERROR(INDEX('Sản phẩm'!$E$5:$E$304,MATCH(D19,'Sản phẩm'!$A$5:$A$304,0)),""))) | J19: =IF(OR(D19="",F19=""),"",F19*I19-N(H19)) | K19: =IF(OR(D19="",F19=""),"",F19*IFERROR(INDEX('Sản phẩm'!$D$5:$D$304,MATCH(D19,'Sản phẩm'!$A$5:$A$304,0)),"")) | L19: =IF(J19="","",J19-K19) | M19: =IF(A19="","",MONTH(A19)) | N19: =IF(A19="","",YEAR(A19))
... E5004: =IF(D5004="","",IFERROR(INDEX('Sản phẩm'!$B$5:$B$304,MATCH(D5004,'Sản phẩm'!$A$5:$A$304,0)),"")) | I5004: =IF(D5004="","",IF(G5004<>"",G5004,IFERROR(INDEX('Sản phẩm'!$E$5:$E$304,MATCH(D5004,'Sản phẩm'!$A$5:$A$304,0)),""))) | J5004: =IF(OR(D5004="",F5004=""),"",F5004*I5004-N(H5004)) | K5004: =IF(OR(D5004="",F5004=""),"",F5004*IFERROR(INDEX('Sản phẩm'!$D$5:$D$304,MATCH(D5004,'Sản phẩm'!$A$5:$A$304,0)),"")) | L5004: =IF(J5004="","",J5004-K5004) | M5004: =IF(A5004="","",MONTH(A5004)) | N5004: =IF(A5004="","",YEAR(A5004))

Sheet Báo cáo
A1: Báo cáo kinh doanh theo tháng
A2: Nhập năm ở ô vàng.
A3: Năm: | B3: 2026
A5: Tháng | B5: Doanh thu (đ) | C5: Tiền vốn (đ) | D5: Lãi gộp (đ) | E5: Tỷ lệ lãi gộp | F5: Số lượng bán | G5: Tiền nhập hàng (đ)
A6: 1 | B6: =SUMIFS('Bán hàng'!$J$5:$J$5004,'Bán hàng'!$M$5:$M$5004,A6,'Bán hàng'!$N$5:$N$5004,$B$3) | C6: =SUMIFS('Bán hàng'!$K$5:$K$5004,'Bán hàng'!$M$5:$M$5004,A6,'Bán hàng'!$N$5:$N$5004,$B$3) | D6: =B6-C6 | E6: =IF(B6=0,"",D6/B6) | F6: =SUMIFS('Bán hàng'!$F$5:$F$5004,'Bán hàng'!$M$5:$M$5004,A6,'Bán hàng'!$N$5:$N$5004,$B$3) | G6: =SUMIFS('Nhập kho'!$F$5:$F$2004,'Nhập kho'!$H$5:$H$2004,A6,'Nhập kho'!$I$5:$I$2004,$B$3)
A7: 2 | B7: =SUMIFS('Bán hàng'!$J$5:$J$5004,'Bán hàng'!$M$5:$M$5004,A7,'Bán hàng'!$N$5:$N$5004,$B$3) | C7: =SUMIFS('Bán hàng'!$K$5:$K$5004,'Bán hàng'!$M$5:$M$5004,A7,'Bán hàng'!$N$5:$N$5004,$B$3) | D7: =B7-C7 | E7: =IF(B7=0,"",D7/B7) | F7: =SUMIFS('Bán hàng'!$F$5:$F$5004,'Bán hàng'!$M$5:$M$5004,A7,'Bán hàng'!$N$5:$N$5004,$B$3) | G7: =SUMIFS('Nhập kho'!$F$5:$F$2004,'Nhập kho'!$H$5:$H$2004,A7,'Nhập kho'!$I$5:$I$2004,$B$3)
A8: 3 | B8: =SUMIFS('Bán hàng'!$J$5:$J$5004,'Bán hàng'!$M$5:$M$5004,A8,'Bán hàng'!$N$5:$N$5004,$B$3) | C8: =SUMIFS('Bán hàng'!$K$5:$K$5004,'Bán hàng'!$M$5:$M$5004,A8,'Bán hàng'!$N$5:$N$5004,$B$3) | D8: =B8-C8 | E8: =IF(B8=0,"",D8/B8) | F8: =SUMIFS('Bán hàng'!$F$5:$F$5004,'Bán hàng'!$M$5:$M$5004,A8,'Bán hàng'!$N$5:$N$5004,$B$3) | G8: =SUMIFS('Nhập kho'!$F$5:$F$2004,'Nhập kho'!$H$5:$H$2004,A8,'Nhập kho'!$I$5:$I$2004,$B$3)
A9: 4 | B9: =SUMIFS('Bán hàng'!$J$5:$J$5004,'Bán hàng'!$M$5:$M$5004,A9,'Bán hàng'!$N$5:$N$5004,$B$3) | C9: =SUMIFS('Bán hàng'!$K$5:$K$5004,'Bán hàng'!$M$5:$M$5004,A9,'Bán hàng'!$N$5:$N$5004,$B$3) | D9: =B9-C9 | E9: =IF(B9=0,"",D9/B9) | F9: =SUMIFS('Bán hàng'!$F$5:$F$5004,'Bán hàng'!$M$5:$M$5004,A9,'Bán hàng'!$N$5:$N$5004,$B$3) | G9: =SUMIFS('Nhập kho'!$F$5:$F$2004,'Nhập kho'!$H$5:$H$2004,A9,'Nhập kho'!$I$5:$I$2004,$B$3)
A10: 5 | B10: =SUMIFS('Bán hàng'!$J$5:$J$5004,'Bán hàng'!$M$5:$M$5004,A10,'Bán hàng'!$N$5:$N$5004,$B$3) | C10: =SUMIFS('Bán hàng'!$K$5:$K$5004,'Bán hàng'!$M$5:$M$5004,A10,'Bán hàng'!$N$5:$N$5004,$B$3) | D10: =B10-C10 | E10: =IF(B10=0,"",D10/B10) | F10: =SUMIFS('Bán hàng'!$F$5:$F$5004,'Bán hàng'!$M$5:$M$5004,A10,'Bán hàng'!$N$5:$N$5004,$B$3) | G10: =SUMIFS('Nhập kho'!$F$5:$F$2004,'Nhập kho'!$H$5:$H$2004,A10,'Nhập kho'!$I$5:$I$2004,$B$3)
A11: 6 | B11: =SUMIFS('Bán hàng'!$J$5:$J$5004,'Bán hàng'!$M$5:$M$5004,A11,'Bán hàng'!$N$5:$N$5004,$B$3) | C11: =SUMIFS('Bán hàng'!$K$5:$K$5004,'Bán hàng'!$M$5:$M$5004,A11,'Bán hàng'!$N$5:$N$5004,$B$3) | D11: =B11-C11 | E11: =IF(B11=0,"",D11/B11) | F11: =SUMIFS('Bán hàng'!$F$5:$F$5004,'Bán hàng'!$M$5:$M$5004,A11,'Bán hàng'!$N$5:$N$5004,$B$3) | G11: =SUMIFS('Nhập kho'!$F$5:$F$2004,'Nhập kho'!$H$5:$H$2004,A11,'Nhập kho'!$I$5:$I$2004,$B$3)
A12: 7 | B12: =SUMIFS('Bán hàng'!$J$5:$J$5004,'Bán hàng'!$M$5:$M$5004,A12,'Bán hàng'!$N$5:$N$5004,$B$3) | C12: =SUMIFS('Bán hàng'!$K$5:$K$5004,'Bán hàng'!$M$5:$M$5004,A12,'Bán hàng'!$N$5:$N$5004,$B$3) | D12: =B12-C12 | E12: =IF(B12=0,"",D12/B12) | F12: =SUMIFS('Bán hàng'!$F$5:$F$5004,'Bán hàng'!$M$5:$M$5004,A12,'Bán hàng'!$N$5:$N$5004,$B$3) | G12: =SUMIFS('Nhập kho'!$F$5:$F$2004,'Nhập kho'!$H$5:$H$2004,A12,'Nhập kho'!$I$5:$I$2004,$B$3)
A13: 8 | B13: =SUMIFS('Bán hàng'!$J$5:$J$5004,'Bán hàng'!$M$5:$M$5004,A13,'Bán hàng'!$N$5:$N$5004,$B$3) | C13: =SUMIFS('Bán hàng'!$K$5:$K$5004,'Bán hàng'!$M$5:$M$5004,A13,'Bán hàng'!$N$5:$N$5004,$B$3) | D13: =B13-C13 | E13: =IF(B13=0,"",D13/B13) | F13: =SUMIFS('Bán hàng'!$F$5:$F$5004,'Bán hàng'!$M$5:$M$5004,A13,'Bán hàng'!$N$5:$N$5004,$B$3) | G13: =SUMIFS('Nhập kho'!$F$5:$F$2004,'Nhập kho'!$H$5:$H$2004,A13,'Nhập kho'!$I$5:$I$2004,$B$3)
A14: 9 | B14: =SUMIFS('Bán hàng'!$J$5:$J$5004,'Bán hàng'!$M$5:$M$5004,A14,'Bán hàng'!$N$5:$N$5004,$B$3) | C14: =SUMIFS('Bán hàng'!$K$5:$K$5004,'Bán hàng'!$M$5:$M$5004,A14,'Bán hàng'!$N$5:$N$5004,$B$3) | D14: =B14-C14 | E14: =IF(B14=0,"",D14/B14) | F14: =SUMIFS('Bán hàng'!$F$5:$F$5004,'Bán hàng'!$M$5:$M$5004,A14,'Bán hàng'!$N$5:$N$5004,$B$3) | G14: =SUMIFS('Nhập kho'!$F$5:$F$2004,'Nhập kho'!$H$5:$H$2004,A14,'Nhập kho'!$I$5:$I$2004,$B$3)
A15: 10 | B15: =SUMIFS('Bán hàng'!$J$5:$J$5004,'Bán hàng'!$M$5:$M$5004,A15,'Bán hàng'!$N$5:$N$5004,$B$3) | C15: =SUMIFS('Bán hàng'!$K$5:$K$5004,'Bán hàng'!$M$5:$M$5004,A15,'Bán hàng'!$N$5:$N$5004,$B$3) | D15: =B15-C15 | E15: =IF(B15=0,"",D15/B15) | F15: =SUMIFS('Bán hàng'!$F$5:$F$5004,'Bán hàng'!$M$5:$M$5004,A15,'Bán hàng'!$N$5:$N$5004,$B$3) | G15: =SUMIFS('Nhập kho'!$F$5:$F$2004,'Nhập kho'!$H$5:$H$2004,A15,'Nhập kho'!$I$5:$I$2004,$B$3)
A16: 11 | B16: =SUMIFS('Bán hàng'!$J$5:$J$5004,'Bán hàng'!$M$5:$M$5004,A16,'Bán hàng'!$N$5:$N$5004,$B$3) | C16: =SUMIFS('Bán hàng'!$K$5:$K$5004,'Bán hàng'!$M$5:$M$5004,A16,'Bán hàng'!$N$5:$N$5004,$B$3) | D16: =B16-C16 | E16: =IF(B16=0,"",D16/B16) | F16: =SUMIFS('Bán hàng'!$F$5:$F$5004,'Bán hàng'!$M$5:$M$5004,A16,'Bán hàng'!$N$5:$N$5004,$B$3) | G16: =SUMIFS('Nhập kho'!$F$5:$F$2004,'Nhập kho'!$H$5:$H$2004,A16,'Nhập kho'!$I$5:$I$2004,$B$3)
A17: 12 | B17: =SUMIFS('Bán hàng'!$J$5:$J$5004,'Bán hàng'!$M$5:$M$5004,A17,'Bán hàng'!$N$5:$N$5004,$B$3) | C17: =SUMIFS('Bán hàng'!$K$5:$K$5004,'Bán hàng'!$M$5:$M$5004,A17,'Bán hàng'!$N$5:$N$5004,$B$3) | D17: =B17-C17 | E17: =IF(B17=0,"",D17/B17) | F17: =SUMIFS('Bán hàng'!$F$5:$F$5004,'Bán hàng'!$M$5:$M$5004,A17,'Bán hàng'!$N$5:$N$5004,$B$3) | G17: =SUMIFS('Nhập kho'!$F$5:$F$2004,'Nhập kho'!$H$5:$H$2004,A17,'Nhập kho'!$I$5:$I$2004,$B$3)
A18: Cả năm | B18: =SUM(B6:B17) | C18: =SUM(C6:C17) | D18: =SUM(D6:D17) | E18: =IF(B18=0,"",D18/B18) | F18: =SUM(F6:F17) | G18: =SUM(G6:G17)
